<?xml version="1.0" encoding="UTF-8" standalone="yes"?>
<addon id="script.umbrestuary.helper" name="Umbrestuary Helper" version="0.6.16" provider-name="Tikipeter, Ivar Brandt">
    <requires>
        <import addon="xbmc.python" version="3.0.0"/>
        <import addon="script.module.requests" version="2.19.1"/>
    </requires>
    <extension point="xbmc.python.library" library="resources/lib/default.py"/>
    <extension point="xbmc.service" library="resources/lib/service.py" start="startup" />
    <extension point="xbmc.addon.metadata">
        <news />
        <platform>all</platform>
        <license>GPL-2.0-only</license>
        <forum />
        <source />
        <assets>
            <icon>resources/media/icon.png</icon>
            <fanart>resources/media/fanart.jpg</fanart>
        </assets>
        <description lang="en_GB">Umbrestuary Helper for the Umbrestuary Skin.</description>
        <description lang="en_NZ">Umbrestuary Helper for the Umbrestuary Skin.</description>
        <description lang="en_US">Umbrestuary Helper for the Umbrestuary Skin.</description>
    </extension>
</addon>
