<?xml version="1.0" encoding="UTF-8" standalone="yes"?>
<addon id="repository.umbrella" name="Umbrella Repository" version="2.1.24" provider-name="Umbrella">
    <extension point="xbmc.addon.repository" name="Umbrella Repository">
        <dir minversion="19.0.0">
            <info compressed="false">https://raw.githubusercontent.com/umbrellaplug/umbrellaplug.github.io/master/matrix/zips/addons.xml</info>
            <checksum>https://raw.githubusercontent.com/umbrellaplug/umbrellaplug.github.io/master/matrix/zips/addons.xml.md5</checksum>
            <datadir zip="true">https://raw.githubusercontent.com/umbrellaplug/umbrellaplug.github.io/master/matrix/zips/</datadir>
        </dir>
    </extension>
    <extension point="xbmc.addon.metadata">
        <summary>Umbrella Repository</summary>
        <description>Repository for the Umbrella video plugin.</description>
        <disclaimer></disclaimer>
        <platform>all</platform>
        <assets>
            <icon>icon.png</icon>
            <fanart>fanart.jpg</fanart>
        </assets>
    </extension>
</addon>